product_id,product_name,date,site,price
P001,Apple iPhone 14 128GB,2025-08-21,Amazon,57818.1
P001,Apple iPhone 14 128GB,2025-08-21,Flipkart,58494.16
P001,Apple iPhone 14 128GB,2025-08-21,Reliance Digital,57436.48
P001,Apple iPhone 14 128GB,2025-08-21,Croma,58312.86
P001,Apple iPhone 14 128GB,2025-08-22,Amazon,58345.51
P001,Apple iPhone 14 128GB,2025-08-22,Flipkart,58992.15
P001,Apple iPhone 14 128GB,2025-08-22,Reliance Digital,59531.79
P001,Apple iPhone 14 128GB,2025-08-22,Croma,57234.12
P001,Apple iPhone 14 128GB,2025-08-23,Amazon,56955.56
P001,Apple iPhone 14 128GB,2025-08-23,Flipkart,58476.94
P001,Apple iPhone 14 128GB,2025-08-23,Reliance Digital,59019.21
P001,Apple iPhone 14 128GB,2025-08-23,Croma,57399.0
P001,Apple iPhone 14 128GB,2025-08-24,Amazon,57344.04
P001,Apple iPhone 14 128GB,2025-08-24,Flipkart,56187.68
P001,Apple iPhone 14 128GB,2025-08-24,Reliance Digital,57308.3
P001,Apple iPhone 14 128GB,2025-08-24,Croma,57691.42
P001,Apple iPhone 14 128GB,2025-08-25,Amazon,56967.68
P001,Apple iPhone 14 128GB,2025-08-25,Flipkart,59426.21
P001,Apple iPhone 14 128GB,2025-08-25,Reliance Digital,58260.47
P001,Apple iPhone 14 128GB,2025-08-25,Croma,57478.66
P001,Apple iPhone 14 128GB,2025-08-26,Amazon,58178.22
P001,Apple iPhone 14 128GB,2025-08-26,Flipkart,58282.33
P001,Apple iPhone 14 128GB,2025-08-26,Reliance Digital,58135.01
P001,Apple iPhone 14 128GB,2025-08-26,Croma,59318.32
P001,Apple iPhone 14 128GB,2025-08-27,Amazon,57641.5
P001,Apple iPhone 14 128GB,2025-08-27,Flipkart,58900.33
P001,Apple iPhone 14 128GB,2025-08-27,Reliance Digital,57650.65
P001,Apple iPhone 14 128GB,2025-08-27,Croma,59885.69
P001,Apple iPhone 14 128GB,2025-08-28,Amazon,58401.32
P001,Apple iPhone 14 128GB,2025-08-28,Flipkart,58865.52
P001,Apple iPhone 14 128GB,2025-08-28,Reliance Digital,57085.58
P001,Apple iPhone 14 128GB,2025-08-28,Croma,56968.19
P001,Apple iPhone 14 128GB,2025-08-29,Amazon,57321.07
P001,Apple iPhone 14 128GB,2025-08-29,Flipkart,58203.08
P001,Apple iPhone 14 128GB,2025-08-29,Reliance Digital,57887.97
P001,Apple iPhone 14 128GB,2025-08-29,Croma,57723.37
P001,Apple iPhone 14 128GB,2025-08-30,Amazon,58572.24
P001,Apple iPhone 14 128GB,2025-08-30,Flipkart,56918.88
P001,Apple iPhone 14 128GB,2025-08-30,Reliance Digital,58679.41
P001,Apple iPhone 14 128GB,2025-08-30,Croma,56849.01
P001,Apple iPhone 14 128GB,2025-08-31,Amazon,57104.83
P001,Apple iPhone 14 128GB,2025-08-31,Flipkart,57321.31
P001,Apple iPhone 14 128GB,2025-08-31,Reliance Digital,59833.45
P001,Apple iPhone 14 128GB,2025-08-31,Croma,56459.67
P001,Apple iPhone 14 128GB,2025-09-01,Amazon,58217.2
P001,Apple iPhone 14 128GB,2025-09-01,Flipkart,58500.68
P001,Apple iPhone 14 128GB,2025-09-01,Reliance Digital,58584.5
P001,Apple iPhone 14 128GB,2025-09-01,Croma,59333.77
P001,Apple iPhone 14 128GB,2025-09-02,Amazon,58903.63
P001,Apple iPhone 14 128GB,2025-09-02,Flipkart,58441.95
P001,Apple iPhone 14 128GB,2025-09-02,Reliance Digital,57898.01
P001,Apple iPhone 14 128GB,2025-09-02,Croma,57041.38
P001,Apple iPhone 14 128GB,2025-09-03,Amazon,57187.14
P001,Apple iPhone 14 128GB,2025-09-03,Flipkart,58260.5
P001,Apple iPhone 14 128GB,2025-09-03,Reliance Digital,58122.61
P001,Apple iPhone 14 128GB,2025-09-03,Croma,57931.32
P001,Apple iPhone 14 128GB,2025-09-04,Amazon,59067.26
P001,Apple iPhone 14 128GB,2025-09-04,Flipkart,59672.72
P001,Apple iPhone 14 128GB,2025-09-04,Reliance Digital,57949.9
P001,Apple iPhone 14 128GB,2025-09-04,Croma,58162.12
P001,Apple iPhone 14 128GB,2025-09-05,Amazon,56317.61
P001,Apple iPhone 14 128GB,2025-09-05,Flipkart,56150.72
P001,Apple iPhone 14 128GB,2025-09-05,Reliance Digital,57901.01
P001,Apple iPhone 14 128GB,2025-09-05,Croma,57854.76
P001,Apple iPhone 14 128GB,2025-09-06,Amazon,59388.7
P001,Apple iPhone 14 128GB,2025-09-06,Flipkart,56673.09
P001,Apple iPhone 14 128GB,2025-09-06,Reliance Digital,59813.62
P001,Apple iPhone 14 128GB,2025-09-06,Croma,55948.77
P001,Apple iPhone 14 128GB,2025-09-07,Amazon,57104.61
P001,Apple iPhone 14 128GB,2025-09-07,Flipkart,59701.89
P001,Apple iPhone 14 128GB,2025-09-07,Reliance Digital,57944.02
P001,Apple iPhone 14 128GB,2025-09-07,Croma,58534.86
P001,Apple iPhone 14 128GB,2025-09-08,Amazon,57464.34
P001,Apple iPhone 14 128GB,2025-09-08,Flipkart,57875.39
P001,Apple iPhone 14 128GB,2025-09-08,Reliance Digital,58193.87
P001,Apple iPhone 14 128GB,2025-09-08,Croma,58615.65
P001,Apple iPhone 14 128GB,2025-09-09,Amazon,57677.67
P001,Apple iPhone 14 128GB,2025-09-09,Flipkart,58553.45
P001,Apple iPhone 14 128GB,2025-09-09,Reliance Digital,58475.51
P001,Apple iPhone 14 128GB,2025-09-09,Croma,59319.7
P001,Apple iPhone 14 128GB,2025-09-10,Amazon,58586.04
P001,Apple iPhone 14 128GB,2025-09-10,Flipkart,58330.27
P001,Apple iPhone 14 128GB,2025-09-10,Reliance Digital,57039.33
P001,Apple iPhone 14 128GB,2025-09-10,Croma,59308.53
P001,Apple iPhone 14 128GB,2025-09-11,Amazon,57072.66
P001,Apple iPhone 14 128GB,2025-09-11,Flipkart,57846.93
P001,Apple iPhone 14 128GB,2025-09-11,Reliance Digital,59976.27
P001,Apple iPhone 14 128GB,2025-09-11,Croma,56718.1
P001,Apple iPhone 14 128GB,2025-09-12,Amazon,58912.32
P001,Apple iPhone 14 128GB,2025-09-12,Flipkart,56115.76
P001,Apple iPhone 14 128GB,2025-09-12,Reliance Digital,58767.54
P001,Apple iPhone 14 128GB,2025-09-12,Croma,57891.29
P001,Apple iPhone 14 128GB,2025-09-13,Amazon,57783.77
P001,Apple iPhone 14 128GB,2025-09-13,Flipkart,57172.11
P001,Apple iPhone 14 128GB,2025-09-13,Reliance Digital,58886.29
P001,Apple iPhone 14 128GB,2025-09-13,Croma,57728.29
P001,Apple iPhone 14 128GB,2025-09-14,Amazon,58615.88
P001,Apple iPhone 14 128GB,2025-09-14,Flipkart,57501.28
P001,Apple iPhone 14 128GB,2025-09-14,Reliance Digital,56303.95
P001,Apple iPhone 14 128GB,2025-09-14,Croma,58667.74
P001,Apple iPhone 14 128GB,2025-09-15,Amazon,57151.77
P001,Apple iPhone 14 128GB,2025-09-15,Flipkart,56811.11
P001,Apple iPhone 14 128GB,2025-09-15,Reliance Digital,59671.0
P001,Apple iPhone 14 128GB,2025-09-15,Croma,56739.9
P001,Apple iPhone 14 128GB,2025-09-16,Amazon,59899.06
P001,Apple iPhone 14 128GB,2025-09-16,Flipkart,59085.72
P001,Apple iPhone 14 128GB,2025-09-16,Reliance Digital,60359.07
P001,Apple iPhone 14 128GB,2025-09-16,Croma,58600.52
P001,Apple iPhone 14 128GB,2025-09-17,Amazon,59133.05
P001,Apple iPhone 14 128GB,2025-09-17,Flipkart,58534.97
P001,Apple iPhone 14 128GB,2025-09-17,Reliance Digital,57196.07
P001,Apple iPhone 14 128GB,2025-09-17,Croma,60082.13
P001,Apple iPhone 14 128GB,2025-09-18,Amazon,57792.95
P001,Apple iPhone 14 128GB,2025-09-18,Flipkart,56799.46
P001,Apple iPhone 14 128GB,2025-09-18,Reliance Digital,59003.72
P001,Apple iPhone 14 128GB,2025-09-18,Croma,57990.14
P001,Apple iPhone 14 128GB,2025-09-19,Amazon,56767.76
P001,Apple iPhone 14 128GB,2025-09-19,Flipkart,58076.84
P001,Apple iPhone 14 128GB,2025-09-19,Reliance Digital,58117.13
P001,Apple iPhone 14 128GB,2025-09-19,Croma,59163.41
P002,Samsung Galaxy S23 128GB,2025-08-21,Amazon,54742.96
P002,Samsung Galaxy S23 128GB,2025-08-21,Flipkart,55855.42
P002,Samsung Galaxy S23 128GB,2025-08-21,Reliance Digital,55914.44
P002,Samsung Galaxy S23 128GB,2025-08-21,Croma,55452.47
P002,Samsung Galaxy S23 128GB,2025-08-22,Amazon,53818.8
P002,Samsung Galaxy S23 128GB,2025-08-22,Flipkart,54177.03
P002,Samsung Galaxy S23 128GB,2025-08-22,Reliance Digital,55053.19
P002,Samsung Galaxy S23 128GB,2025-08-22,Croma,54074.5
P002,Samsung Galaxy S23 128GB,2025-08-23,Amazon,54738.18
P002,Samsung Galaxy S23 128GB,2025-08-23,Flipkart,55688.49
P002,Samsung Galaxy S23 128GB,2025-08-23,Reliance Digital,54775.86
P002,Samsung Galaxy S23 128GB,2025-08-23,Croma,54199.18
P002,Samsung Galaxy S23 128GB,2025-08-24,Amazon,54216.57
P002,Samsung Galaxy S23 128GB,2025-08-24,Flipkart,53984.39
P002,Samsung Galaxy S23 128GB,2025-08-24,Reliance Digital,55058.13
P002,Samsung Galaxy S23 128GB,2025-08-24,Croma,54441.33
P002,Samsung Galaxy S23 128GB,2025-08-25,Amazon,55034.81
P002,Samsung Galaxy S23 128GB,2025-08-25,Flipkart,55265.99
P002,Samsung Galaxy S23 128GB,2025-08-25,Reliance Digital,55336.21
P002,Samsung Galaxy S23 128GB,2025-08-25,Croma,54138.36
P002,Samsung Galaxy S23 128GB,2025-08-26,Amazon,55378.32
P002,Samsung Galaxy S23 128GB,2025-08-26,Flipkart,54372.87
P002,Samsung Galaxy S23 128GB,2025-08-26,Reliance Digital,56729.55
P002,Samsung Galaxy S23 128GB,2025-08-26,Croma,55045.96
P002,Samsung Galaxy S23 128GB,2025-08-27,Amazon,54819.84
P002,Samsung Galaxy S23 128GB,2025-08-27,Flipkart,55779.53
P002,Samsung Galaxy S23 128GB,2025-08-27,Reliance Digital,56538.23
P002,Samsung Galaxy S23 128GB,2025-08-27,Croma,55409.55
P002,Samsung Galaxy S23 128GB,2025-08-28,Amazon,54362.88
P002,Samsung Galaxy S23 128GB,2025-08-28,Flipkart,54549.8
P002,Samsung Galaxy S23 128GB,2025-08-28,Reliance Digital,54464.27
P002,Samsung Galaxy S23 128GB,2025-08-28,Croma,54662.15
P002,Samsung Galaxy S23 128GB,2025-08-29,Amazon,53757.95
P002,Samsung Galaxy S23 128GB,2025-08-29,Flipkart,54404.52
P002,Samsung Galaxy S23 128GB,2025-08-29,Reliance Digital,53905.63
P002,Samsung Galaxy S23 128GB,2025-08-29,Croma,56037.8
P002,Samsung Galaxy S23 128GB,2025-08-30,Amazon,55621.56
P002,Samsung Galaxy S23 128GB,2025-08-30,Flipkart,54568.31
P002,Samsung Galaxy S23 128GB,2025-08-30,Reliance Digital,56031.95
P002,Samsung Galaxy S23 128GB,2025-08-30,Croma,55186.87
P002,Samsung Galaxy S23 128GB,2025-08-31,Amazon,56067.54
P002,Samsung Galaxy S23 128GB,2025-08-31,Flipkart,56033.83
P002,Samsung Galaxy S23 128GB,2025-08-31,Reliance Digital,55211.25
P002,Samsung Galaxy S23 128GB,2025-08-31,Croma,53684.46
P002,Samsung Galaxy S23 128GB,2025-09-01,Amazon,55882.96
P002,Samsung Galaxy S23 128GB,2025-09-01,Flipkart,54346.47
P002,Samsung Galaxy S23 128GB,2025-09-01,Reliance Digital,54480.28
P002,Samsung Galaxy S23 128GB,2025-09-01,Croma,55688.32
P002,Samsung Galaxy S23 128GB,2025-09-02,Amazon,54905.76
P002,Samsung Galaxy S23 128GB,2025-09-02,Flipkart,54678.71
P002,Samsung Galaxy S23 128GB,2025-09-02,Reliance Digital,54487.67
P002,Samsung Galaxy S23 128GB,2025-09-02,Croma,56780.03
P002,Samsung Galaxy S23 128GB,2025-09-03,Amazon,55368.5
P002,Samsung Galaxy S23 128GB,2025-09-03,Flipkart,54945.8
P002,Samsung Galaxy S23 128GB,2025-09-03,Reliance Digital,55925.27
P002,Samsung Galaxy S23 128GB,2025-09-03,Croma,53783.32
P002,Samsung Galaxy S23 128GB,2025-09-04,Amazon,55513.23
P002,Samsung Galaxy S23 128GB,2025-09-04,Flipkart,54612.69
P002,Samsung Galaxy S23 128GB,2025-09-04,Reliance Digital,55280.43
P002,Samsung Galaxy S23 128GB,2025-09-04,Croma,53836.84
P002,Samsung Galaxy S23 128GB,2025-09-05,Amazon,54222.94
P002,Samsung Galaxy S23 128GB,2025-09-05,Flipkart,55321.44
P002,Samsung Galaxy S23 128GB,2025-09-05,Reliance Digital,53406.4
P002,Samsung Galaxy S23 128GB,2025-09-05,Croma,55818.13
P002,Samsung Galaxy S23 128GB,2025-09-06,Amazon,55351.42
P002,Samsung Galaxy S23 128GB,2025-09-06,Flipkart,54962.39
P002,Samsung Galaxy S23 128GB,2025-09-06,Reliance Digital,54396.46
P002,Samsung Galaxy S23 128GB,2025-09-06,Croma,55123.51
P002,Samsung Galaxy S23 128GB,2025-09-07,Amazon,56146.65
P002,Samsung Galaxy S23 128GB,2025-09-07,Flipkart,55492.55
P002,Samsung Galaxy S23 128GB,2025-09-07,Reliance Digital,55195.97
P002,Samsung Galaxy S23 128GB,2025-09-07,Croma,56022.59
P002,Samsung Galaxy S23 128GB,2025-09-08,Amazon,54918.7
P002,Samsung Galaxy S23 128GB,2025-09-08,Flipkart,55822.75
P002,Samsung Galaxy S23 128GB,2025-09-08,Reliance Digital,55413.81
P002,Samsung Galaxy S23 128GB,2025-09-08,Croma,55831.12
P002,Samsung Galaxy S23 128GB,2025-09-09,Amazon,55532.82
P002,Samsung Galaxy S23 128GB,2025-09-09,Flipkart,56036.79
P002,Samsung Galaxy S23 128GB,2025-09-09,Reliance Digital,55315.85
P002,Samsung Galaxy S23 128GB,2025-09-09,Croma,55568.98
P002,Samsung Galaxy S23 128GB,2025-09-10,Amazon,55627.8
P002,Samsung Galaxy S23 128GB,2025-09-10,Flipkart,54901.38
P002,Samsung Galaxy S23 128GB,2025-09-10,Reliance Digital,54647.9
P002,Samsung Galaxy S23 128GB,2025-09-10,Croma,54548.15
P002,Samsung Galaxy S23 128GB,2025-09-11,Amazon,54173.97
P002,Samsung Galaxy S23 128GB,2025-09-11,Flipkart,54751.36
P002,Samsung Galaxy S23 128GB,2025-09-11,Reliance Digital,54120.43
P002,Samsung Galaxy S23 128GB,2025-09-11,Croma,54555.51
P002,Samsung Galaxy S23 128GB,2025-09-12,Amazon,54403.45
P002,Samsung Galaxy S23 128GB,2025-09-12,Flipkart,55138.21
P002,Samsung Galaxy S23 128GB,2025-09-12,Reliance Digital,53707.45
P002,Samsung Galaxy S23 128GB,2025-09-12,Croma,54315.93
P002,Samsung Galaxy S23 128GB,2025-09-13,Amazon,55157.61
P002,Samsung Galaxy S23 128GB,2025-09-13,Flipkart,55200.63
P002,Samsung Galaxy S23 128GB,2025-09-13,Reliance Digital,55765.51
P002,Samsung Galaxy S23 128GB,2025-09-13,Croma,55972.56
P002,Samsung Galaxy S23 128GB,2025-09-14,Amazon,53689.57
P002,Samsung Galaxy S23 128GB,2025-09-14,Flipkart,55100.22
P002,Samsung Galaxy S23 128GB,2025-09-14,Reliance Digital,55123.92
P002,Samsung Galaxy S23 128GB,2025-09-14,Croma,54329.53
P002,Samsung Galaxy S23 128GB,2025-09-15,Amazon,53588.57
P002,Samsung Galaxy S23 128GB,2025-09-15,Flipkart,56910.61
P002,Samsung Galaxy S23 128GB,2025-09-15,Reliance Digital,55006.21
P002,Samsung Galaxy S23 128GB,2025-09-15,Croma,56458.98
P002,Samsung Galaxy S23 128GB,2025-09-16,Amazon,55203.27
P002,Samsung Galaxy S23 128GB,2025-09-16,Flipkart,56932.62
P002,Samsung Galaxy S23 128GB,2025-09-16,Reliance Digital,54620.68
P002,Samsung Galaxy S23 128GB,2025-09-16,Croma,55015.62
P002,Samsung Galaxy S23 128GB,2025-09-17,Amazon,54016.46
P002,Samsung Galaxy S23 128GB,2025-09-17,Flipkart,55870.2
P002,Samsung Galaxy S23 128GB,2025-09-17,Reliance Digital,55327.69
P002,Samsung Galaxy S23 128GB,2025-09-17,Croma,55729.68
P002,Samsung Galaxy S23 128GB,2025-09-18,Amazon,55635.25
P002,Samsung Galaxy S23 128GB,2025-09-18,Flipkart,55666.89
P002,Samsung Galaxy S23 128GB,2025-09-18,Reliance Digital,54888.17
P002,Samsung Galaxy S23 128GB,2025-09-18,Croma,55307.84
P002,Samsung Galaxy S23 128GB,2025-09-19,Amazon,56029.05
P002,Samsung Galaxy S23 128GB,2025-09-19,Flipkart,55613.89
P002,Samsung Galaxy S23 128GB,2025-09-19,Reliance Digital,54986.04
P002,Samsung Galaxy S23 128GB,2025-09-19,Croma,54516.22
P003,OnePlus 11R 256GB,2025-08-21,Amazon,40839.9
P003,OnePlus 11R 256GB,2025-08-21,Flipkart,40637.4
P003,OnePlus 11R 256GB,2025-08-21,Reliance Digital,40403.56
P003,OnePlus 11R 256GB,2025-08-21,Croma,40354.38
P003,OnePlus 11R 256GB,2025-08-22,Amazon,40458.23
P003,OnePlus 11R 256GB,2025-08-22,Flipkart,39819.02
P003,OnePlus 11R 256GB,2025-08-22,Reliance Digital,40261.61
P003,OnePlus 11R 256GB,2025-08-22,Croma,40820.25
P003,OnePlus 11R 256GB,2025-08-23,Amazon,40760.01
P003,OnePlus 11R 256GB,2025-08-23,Flipkart,39454.33
P003,OnePlus 11R 256GB,2025-08-23,Reliance Digital,40413.67
P003,OnePlus 11R 256GB,2025-08-23,Croma,40199.52
P003,OnePlus 11R 256GB,2025-08-24,Amazon,39560.73
P003,OnePlus 11R 256GB,2025-08-24,Flipkart,40346.89
P003,OnePlus 11R 256GB,2025-08-24,Reliance Digital,40844.22
P003,OnePlus 11R 256GB,2025-08-24,Croma,40800.49
P003,OnePlus 11R 256GB,2025-08-25,Amazon,40097.8
P003,OnePlus 11R 256GB,2025-08-25,Flipkart,39971.0
P003,OnePlus 11R 256GB,2025-08-25,Reliance Digital,41718.83
P003,OnePlus 11R 256GB,2025-08-25,Croma,40063.88
P003,OnePlus 11R 256GB,2025-08-26,Amazon,39594.49
P003,OnePlus 11R 256GB,2025-08-26,Flipkart,40732.31
P003,OnePlus 11R 256GB,2025-08-26,Reliance Digital,40055.56
P003,OnePlus 11R 256GB,2025-08-26,Croma,40739.5
P003,OnePlus 11R 256GB,2025-08-27,Amazon,40898.18
P003,OnePlus 11R 256GB,2025-08-27,Flipkart,40646.15
P003,OnePlus 11R 256GB,2025-08-27,Reliance Digital,40014.23
P003,OnePlus 11R 256GB,2025-08-27,Croma,40705.13
P003,OnePlus 11R 256GB,2025-08-28,Amazon,40044.81
P003,OnePlus 11R 256GB,2025-08-28,Flipkart,40471.66
P003,OnePlus 11R 256GB,2025-08-28,Reliance Digital,40199.12
P003,OnePlus 11R 256GB,2025-08-28,Croma,39806.56
P003,OnePlus 11R 256GB,2025-08-29,Amazon,40982.74
P003,OnePlus 11R 256GB,2025-08-29,Flipkart,40010.42
P003,OnePlus 11R 256GB,2025-08-29,Reliance Digital,40483.31
P003,OnePlus 11R 256GB,2025-08-29,Croma,38963.94
P003,OnePlus 11R 256GB,2025-08-30,Amazon,40463.07
P003,OnePlus 11R 256GB,2025-08-30,Flipkart,39337.65
P003,OnePlus 11R 256GB,2025-08-30,Reliance Digital,38971.25
P003,OnePlus 11R 256GB,2025-08-30,Croma,41066.68
P003,OnePlus 11R 256GB,2025-08-31,Amazon,40346.62
P003,OnePlus 11R 256GB,2025-08-31,Flipkart,40041.69
P003,OnePlus 11R 256GB,2025-08-31,Reliance Digital,40146.18
P003,OnePlus 11R 256GB,2025-08-31,Croma,39845.93
P003,OnePlus 11R 256GB,2025-09-01,Amazon,40148.66
P003,OnePlus 11R 256GB,2025-09-01,Flipkart,39246.07
P003,OnePlus 11R 256GB,2025-09-01,Reliance Digital,39348.35
P003,OnePlus 11R 256GB,2025-09-01,Croma,40039.76
P003,OnePlus 11R 256GB,2025-09-02,Amazon,40069.98
P003,OnePlus 11R 256GB,2025-09-02,Flipkart,39911.55
P003,OnePlus 11R 256GB,2025-09-02,Reliance Digital,39588.61
P003,OnePlus 11R 256GB,2025-09-02,Croma,40173.49
P003,OnePlus 11R 256GB,2025-09-03,Amazon,40313.09
P003,OnePlus 11R 256GB,2025-09-03,Flipkart,39678.76
P003,OnePlus 11R 256GB,2025-09-03,Reliance Digital,40751.61
P003,OnePlus 11R 256GB,2025-09-03,Croma,39279.71
P003,OnePlus 11R 256GB,2025-09-04,Amazon,39385.0
P003,OnePlus 11R 256GB,2025-09-04,Flipkart,40236.15
P003,OnePlus 11R 256GB,2025-09-04,Reliance Digital,39223.12
P003,OnePlus 11R 256GB,2025-09-04,Croma,40427.81
P003,OnePlus 11R 256GB,2025-09-05,Amazon,39965.24
P003,OnePlus 11R 256GB,2025-09-05,Flipkart,41156.41
P003,OnePlus 11R 256GB,2025-09-05,Reliance Digital,40174.31
P003,OnePlus 11R 256GB,2025-09-05,Croma,40516.64
P003,OnePlus 11R 256GB,2025-09-06,Amazon,39916.33
P003,OnePlus 11R 256GB,2025-09-06,Flipkart,39675.61
P003,OnePlus 11R 256GB,2025-09-06,Reliance Digital,40441.29
P003,OnePlus 11R 256GB,2025-09-06,Croma,40064.51
P003,OnePlus 11R 256GB,2025-09-07,Amazon,39977.09
P003,OnePlus 11R 256GB,2025-09-07,Flipkart,39750.12
P003,OnePlus 11R 256GB,2025-09-07,Reliance Digital,39396.5
P003,OnePlus 11R 256GB,2025-09-07,Croma,40502.11
P003,OnePlus 11R 256GB,2025-09-08,Amazon,40250.38
P003,OnePlus 11R 256GB,2025-09-08,Flipkart,39596.71
P003,OnePlus 11R 256GB,2025-09-08,Reliance Digital,39390.63
P003,OnePlus 11R 256GB,2025-09-08,Croma,39088.57
P003,OnePlus 11R 256GB,2025-09-09,Amazon,41412.04
P003,OnePlus 11R 256GB,2025-09-09,Flipkart,40212.07
P003,OnePlus 11R 256GB,2025-09-09,Reliance Digital,40268.04
P003,OnePlus 11R 256GB,2025-09-09,Croma,40409.38
P003,OnePlus 11R 256GB,2025-09-10,Amazon,40263.3
P003,OnePlus 11R 256GB,2025-09-10,Flipkart,39378.85
P003,OnePlus 11R 256GB,2025-09-10,Reliance Digital,41232.52
P003,OnePlus 11R 256GB,2025-09-10,Croma,39147.49
P003,OnePlus 11R 256GB,2025-09-11,Amazon,40153.15
P003,OnePlus 11R 256GB,2025-09-11,Flipkart,40508.49
P003,OnePlus 11R 256GB,2025-09-11,Reliance Digital,40425.18
P003,OnePlus 11R 256GB,2025-09-11,Croma,39915.01
P003,OnePlus 11R 256GB,2025-09-12,Amazon,39836.6
P003,OnePlus 11R 256GB,2025-09-12,Flipkart,38506.1
P003,OnePlus 11R 256GB,2025-09-12,Reliance Digital,40223.2
P003,OnePlus 11R 256GB,2025-09-12,Croma,39538.73
P003,OnePlus 11R 256GB,2025-09-13,Amazon,39628.58
P003,OnePlus 11R 256GB,2025-09-13,Flipkart,40620.06
P003,OnePlus 11R 256GB,2025-09-13,Reliance Digital,40210.09
P003,OnePlus 11R 256GB,2025-09-13,Croma,39327.67
P003,OnePlus 11R 256GB,2025-09-14,Amazon,39673.96
P003,OnePlus 11R 256GB,2025-09-14,Flipkart,39400.33
P003,OnePlus 11R 256GB,2025-09-14,Reliance Digital,40125.1
P003,OnePlus 11R 256GB,2025-09-14,Croma,40611.0
P003,OnePlus 11R 256GB,2025-09-15,Amazon,39880.43
P003,OnePlus 11R 256GB,2025-09-15,Flipkart,41423.68
P003,OnePlus 11R 256GB,2025-09-15,Reliance Digital,39521.24
P003,OnePlus 11R 256GB,2025-09-15,Croma,39294.44
P003,OnePlus 11R 256GB,2025-09-16,Amazon,40742.53
P003,OnePlus 11R 256GB,2025-09-16,Flipkart,39913.7
P003,OnePlus 11R 256GB,2025-09-16,Reliance Digital,40848.09
P003,OnePlus 11R 256GB,2025-09-16,Croma,40385.67
P003,OnePlus 11R 256GB,2025-09-17,Amazon,40027.49
P003,OnePlus 11R 256GB,2025-09-17,Flipkart,39470.94
P003,OnePlus 11R 256GB,2025-09-17,Reliance Digital,40470.78
P003,OnePlus 11R 256GB,2025-09-17,Croma,39161.7
P003,OnePlus 11R 256GB,2025-09-18,Amazon,39486.35
P003,OnePlus 11R 256GB,2025-09-18,Flipkart,39683.59
P003,OnePlus 11R 256GB,2025-09-18,Reliance Digital,39504.69
P003,OnePlus 11R 256GB,2025-09-18,Croma,39990.09
P003,OnePlus 11R 256GB,2025-09-19,Amazon,40406.94
P003,OnePlus 11R 256GB,2025-09-19,Flipkart,39346.55
P003,OnePlus 11R 256GB,2025-09-19,Reliance Digital,40792.57
P003,OnePlus 11R 256GB,2025-09-19,Croma,39095.82
P004,Sony WH-1000XM5 Headphones,2025-08-21,Amazon,29977.48
P004,Sony WH-1000XM5 Headphones,2025-08-21,Flipkart,29775.06
P004,Sony WH-1000XM5 Headphones,2025-08-21,Reliance Digital,29432.91
P004,Sony WH-1000XM5 Headphones,2025-08-21,Croma,29254.54
P004,Sony WH-1000XM5 Headphones,2025-08-22,Amazon,30416.02
P004,Sony WH-1000XM5 Headphones,2025-08-22,Flipkart,30157.18
P004,Sony WH-1000XM5 Headphones,2025-08-22,Reliance Digital,29305.24
P004,Sony WH-1000XM5 Headphones,2025-08-22,Croma,30088.11
P004,Sony WH-1000XM5 Headphones,2025-08-23,Amazon,30903.82
P004,Sony WH-1000XM5 Headphones,2025-08-23,Flipkart,29474.71
P004,Sony WH-1000XM5 Headphones,2025-08-23,Reliance Digital,29772.61
P004,Sony WH-1000XM5 Headphones,2025-08-23,Croma,30826.2
P004,Sony WH-1000XM5 Headphones,2025-08-24,Amazon,30392.34
P004,Sony WH-1000XM5 Headphones,2025-08-24,Flipkart,30187.88
P004,Sony WH-1000XM5 Headphones,2025-08-24,Reliance Digital,29126.93
P004,Sony WH-1000XM5 Headphones,2025-08-24,Croma,30130.64
P004,Sony WH-1000XM5 Headphones,2025-08-25,Amazon,29954.58
P004,Sony WH-1000XM5 Headphones,2025-08-25,Flipkart,29813.44
P004,Sony WH-1000XM5 Headphones,2025-08-25,Reliance Digital,29313.84
P004,Sony WH-1000XM5 Headphones,2025-08-25,Croma,29321.76
P004,Sony WH-1000XM5 Headphones,2025-08-26,Amazon,30086.63
P004,Sony WH-1000XM5 Headphones,2025-08-26,Flipkart,30768.39
P004,Sony WH-1000XM5 Headphones,2025-08-26,Reliance Digital,29559.04
P004,Sony WH-1000XM5 Headphones,2025-08-26,Croma,30271.8
P004,Sony WH-1000XM5 Headphones,2025-08-27,Amazon,30129.25
P004,Sony WH-1000XM5 Headphones,2025-08-27,Flipkart,30355.72
P004,Sony WH-1000XM5 Headphones,2025-08-27,Reliance Digital,30187.84
P004,Sony WH-1000XM5 Headphones,2025-08-27,Croma,30400.2
P004,Sony WH-1000XM5 Headphones,2025-08-28,Amazon,30416.43
P004,Sony WH-1000XM5 Headphones,2025-08-28,Flipkart,29820.32
P004,Sony WH-1000XM5 Headphones,2025-08-28,Reliance Digital,29927.34
P004,Sony WH-1000XM5 Headphones,2025-08-28,Croma,30447.27
P004,Sony WH-1000XM5 Headphones,2025-08-29,Amazon,29641.6
P004,Sony WH-1000XM5 Headphones,2025-08-29,Flipkart,30707.06
P004,Sony WH-1000XM5 Headphones,2025-08-29,Reliance Digital,29456.4
P004,Sony WH-1000XM5 Headphones,2025-08-29,Croma,30386.57
P004,Sony WH-1000XM5 Headphones,2025-08-30,Amazon,29482.99
P004,Sony WH-1000XM5 Headphones,2025-08-30,Flipkart,29199.29
P004,Sony WH-1000XM5 Headphones,2025-08-30,Reliance Digital,30522.21
P004,Sony WH-1000XM5 Headphones,2025-08-30,Croma,29137.12
P004,Sony WH-1000XM5 Headphones,2025-08-31,Amazon,30061.8
P004,Sony WH-1000XM5 Headphones,2025-08-31,Flipkart,30162.76
P004,Sony WH-1000XM5 Headphones,2025-08-31,Reliance Digital,29912.76
P004,Sony WH-1000XM5 Headphones,2025-08-31,Croma,30149.49
P004,Sony WH-1000XM5 Headphones,2025-09-01,Amazon,30115.92
P004,Sony WH-1000XM5 Headphones,2025-09-01,Flipkart,30086.38
P004,Sony WH-1000XM5 Headphones,2025-09-01,Reliance Digital,30427.29
P004,Sony WH-1000XM5 Headphones,2025-09-01,Croma,29999.57
P004,Sony WH-1000XM5 Headphones,2025-09-02,Amazon,30019.09
P004,Sony WH-1000XM5 Headphones,2025-09-02,Flipkart,30727.66
P004,Sony WH-1000XM5 Headphones,2025-09-02,Reliance Digital,30361.14
P004,Sony WH-1000XM5 Headphones,2025-09-02,Croma,29472.56
P004,Sony WH-1000XM5 Headphones,2025-09-03,Amazon,29669.38
P004,Sony WH-1000XM5 Headphones,2025-09-03,Flipkart,30276.19
P004,Sony WH-1000XM5 Headphones,2025-09-03,Reliance Digital,30490.75
P004,Sony WH-1000XM5 Headphones,2025-09-03,Croma,30648.52
P004,Sony WH-1000XM5 Headphones,2025-09-04,Amazon,29704.75
P004,Sony WH-1000XM5 Headphones,2025-09-04,Flipkart,30113.18
P004,Sony WH-1000XM5 Headphones,2025-09-04,Reliance Digital,29678.42
P004,Sony WH-1000XM5 Headphones,2025-09-04,Croma,30130.44
P004,Sony WH-1000XM5 Headphones,2025-09-05,Amazon,30592.04
P004,Sony WH-1000XM5 Headphones,2025-09-05,Flipkart,30301.89
P004,Sony WH-1000XM5 Headphones,2025-09-05,Reliance Digital,30030.12
P004,Sony WH-1000XM5 Headphones,2025-09-05,Croma,30223.54
P004,Sony WH-1000XM5 Headphones,2025-09-06,Amazon,29702.51
P004,Sony WH-1000XM5 Headphones,2025-09-06,Flipkart,30284.34
P004,Sony WH-1000XM5 Headphones,2025-09-06,Reliance Digital,29461.11
P004,Sony WH-1000XM5 Headphones,2025-09-06,Croma,29661.08
P004,Sony WH-1000XM5 Headphones,2025-09-07,Amazon,30091.23
P004,Sony WH-1000XM5 Headphones,2025-09-07,Flipkart,29544.57
P004,Sony WH-1000XM5 Headphones,2025-09-07,Reliance Digital,29754.14
P004,Sony WH-1000XM5 Headphones,2025-09-07,Croma,30746.46
P004,Sony WH-1000XM5 Headphones,2025-09-08,Amazon,30263.23
P004,Sony WH-1000XM5 Headphones,2025-09-08,Flipkart,30492.23
P004,Sony WH-1000XM5 Headphones,2025-09-08,Reliance Digital,30014.95
P004,Sony WH-1000XM5 Headphones,2025-09-08,Croma,29460.66
P004,Sony WH-1000XM5 Headphones,2025-09-09,Amazon,29725.4
P004,Sony WH-1000XM5 Headphones,2025-09-09,Flipkart,30348.46
P004,Sony WH-1000XM5 Headphones,2025-09-09,Reliance Digital,30680.31
P004,Sony WH-1000XM5 Headphones,2025-09-09,Croma,30598.49
P004,Sony WH-1000XM5 Headphones,2025-09-10,Amazon,30080.03
P004,Sony WH-1000XM5 Headphones,2025-09-10,Flipkart,29711.71
P004,Sony WH-1000XM5 Headphones,2025-09-10,Reliance Digital,30819.96
P004,Sony WH-1000XM5 Headphones,2025-09-10,Croma,30285.91
P004,Sony WH-1000XM5 Headphones,2025-09-11,Amazon,29303.21
P004,Sony WH-1000XM5 Headphones,2025-09-11,Flipkart,29975.49
P004,Sony WH-1000XM5 Headphones,2025-09-11,Reliance Digital,29433.58
P004,Sony WH-1000XM5 Headphones,2025-09-11,Croma,30094.02
P004,Sony WH-1000XM5 Headphones,2025-09-12,Amazon,30097.16
P004,Sony WH-1000XM5 Headphones,2025-09-12,Flipkart,30267.53
P004,Sony WH-1000XM5 Headphones,2025-09-12,Reliance Digital,29594.07
P004,Sony WH-1000XM5 Headphones,2025-09-12,Croma,29447.79
P004,Sony WH-1000XM5 Headphones,2025-09-13,Amazon,29665.27
P004,Sony WH-1000XM5 Headphones,2025-09-13,Flipkart,29913.9
P004,Sony WH-1000XM5 Headphones,2025-09-13,Reliance Digital,29633.51
P004,Sony WH-1000XM5 Headphones,2025-09-13,Croma,30085.63
P004,Sony WH-1000XM5 Headphones,2025-09-14,Amazon,30137.49
P004,Sony WH-1000XM5 Headphones,2025-09-14,Flipkart,29354.74
P004,Sony WH-1000XM5 Headphones,2025-09-14,Reliance Digital,30345.3
P004,Sony WH-1000XM5 Headphones,2025-09-14,Croma,29423.99
P004,Sony WH-1000XM5 Headphones,2025-09-15,Amazon,30604.13
P004,Sony WH-1000XM5 Headphones,2025-09-15,Flipkart,29360.24
P004,Sony WH-1000XM5 Headphones,2025-09-15,Reliance Digital,30207.3
P004,Sony WH-1000XM5 Headphones,2025-09-15,Croma,29251.19
P004,Sony WH-1000XM5 Headphones,2025-09-16,Amazon,30215.64
P004,Sony WH-1000XM5 Headphones,2025-09-16,Flipkart,30813.6
P004,Sony WH-1000XM5 Headphones,2025-09-16,Reliance Digital,29574.48
P004,Sony WH-1000XM5 Headphones,2025-09-16,Croma,30799.58
P004,Sony WH-1000XM5 Headphones,2025-09-17,Amazon,30815.08
P004,Sony WH-1000XM5 Headphones,2025-09-17,Flipkart,30611.37
P004,Sony WH-1000XM5 Headphones,2025-09-17,Reliance Digital,30522.59
P004,Sony WH-1000XM5 Headphones,2025-09-17,Croma,30333.74
P004,Sony WH-1000XM5 Headphones,2025-09-18,Amazon,30174.68
P004,Sony WH-1000XM5 Headphones,2025-09-18,Flipkart,30425.93
P004,Sony WH-1000XM5 Headphones,2025-09-18,Reliance Digital,29706.5
P004,Sony WH-1000XM5 Headphones,2025-09-18,Croma,30481.61
P004,Sony WH-1000XM5 Headphones,2025-09-19,Amazon,30323.32
P004,Sony WH-1000XM5 Headphones,2025-09-19,Flipkart,30218.76
P004,Sony WH-1000XM5 Headphones,2025-09-19,Reliance Digital,29440.94
P004,Sony WH-1000XM5 Headphones,2025-09-19,Croma,30105.59
P005,Apple MacBook Air M2 8GB/256GB,2025-08-21,Amazon,100969.31
P005,Apple MacBook Air M2 8GB/256GB,2025-08-21,Flipkart,100138.81
P005,Apple MacBook Air M2 8GB/256GB,2025-08-21,Reliance Digital,99330.84
P005,Apple MacBook Air M2 8GB/256GB,2025-08-21,Croma,97696.18
P005,Apple MacBook Air M2 8GB/256GB,2025-08-22,Amazon,103053.34
P005,Apple MacBook Air M2 8GB/256GB,2025-08-22,Flipkart,98529.92
P005,Apple MacBook Air M2 8GB/256GB,2025-08-22,Reliance Digital,101478.86
P005,Apple MacBook Air M2 8GB/256GB,2025-08-22,Croma,100215.11
P005,Apple MacBook Air M2 8GB/256GB,2025-08-23,Amazon,99521.86
P005,Apple MacBook Air M2 8GB/256GB,2025-08-23,Flipkart,101105.96
P005,Apple MacBook Air M2 8GB/256GB,2025-08-23,Reliance Digital,100527.55
P005,Apple MacBook Air M2 8GB/256GB,2025-08-23,Croma,101232.88
P005,Apple MacBook Air M2 8GB/256GB,2025-08-24,Amazon,102509.89
P005,Apple MacBook Air M2 8GB/256GB,2025-08-24,Flipkart,99927.79
P005,Apple MacBook Air M2 8GB/256GB,2025-08-24,Reliance Digital,99932.28
P005,Apple MacBook Air M2 8GB/256GB,2025-08-24,Croma,100023.82
P005,Apple MacBook Air M2 8GB/256GB,2025-08-25,Amazon,101339.39
P005,Apple MacBook Air M2 8GB/256GB,2025-08-25,Flipkart,99648.41
P005,Apple MacBook Air M2 8GB/256GB,2025-08-25,Reliance Digital,100949.24
P005,Apple MacBook Air M2 8GB/256GB,2025-08-25,Croma,101067.93
P005,Apple MacBook Air M2 8GB/256GB,2025-08-26,Amazon,101172.28
P005,Apple MacBook Air M2 8GB/256GB,2025-08-26,Flipkart,98189.06
P005,Apple MacBook Air M2 8GB/256GB,2025-08-26,Reliance Digital,99877.38
P005,Apple MacBook Air M2 8GB/256GB,2025-08-26,Croma,99679.72
P005,Apple MacBook Air M2 8GB/256GB,2025-08-27,Amazon,102187.27
P005,Apple MacBook Air M2 8GB/256GB,2025-08-27,Flipkart,100015.56
P005,Apple MacBook Air M2 8GB/256GB,2025-08-27,Reliance Digital,98204.48
P005,Apple MacBook Air M2 8GB/256GB,2025-08-27,Croma,99595.1
P005,Apple MacBook Air M2 8GB/256GB,2025-08-28,Amazon,98320.15
P005,Apple MacBook Air M2 8GB/256GB,2025-08-28,Flipkart,101681.45
P005,Apple MacBook Air M2 8GB/256GB,2025-08-28,Reliance Digital,99469.88
P005,Apple MacBook Air M2 8GB/256GB,2025-08-28,Croma,99243.47
P005,Apple MacBook Air M2 8GB/256GB,2025-08-29,Amazon,100340.41
P005,Apple MacBook Air M2 8GB/256GB,2025-08-29,Flipkart,99438.39
P005,Apple MacBook Air M2 8GB/256GB,2025-08-29,Reliance Digital,102721.9
P005,Apple MacBook Air M2 8GB/256GB,2025-08-29,Croma,101364.14
P005,Apple MacBook Air M2 8GB/256GB,2025-08-30,Amazon,98902.8
P005,Apple MacBook Air M2 8GB/256GB,2025-08-30,Flipkart,97447.92
P005,Apple MacBook Air M2 8GB/256GB,2025-08-30,Reliance Digital,100255.04
P005,Apple MacBook Air M2 8GB/256GB,2025-08-30,Croma,100980.87
P005,Apple MacBook Air M2 8GB/256GB,2025-08-31,Amazon,98917.35
P005,Apple MacBook Air M2 8GB/256GB,2025-08-31,Flipkart,100622.6
P005,Apple MacBook Air M2 8GB/256GB,2025-08-31,Reliance Digital,98515.14
P005,Apple MacBook Air M2 8GB/256GB,2025-08-31,Croma,98733.08
P005,Apple MacBook Air M2 8GB/256GB,2025-09-01,Amazon,101111.62
P005,Apple MacBook Air M2 8GB/256GB,2025-09-01,Flipkart,99735.72
P005,Apple MacBook Air M2 8GB/256GB,2025-09-01,Reliance Digital,102683.56
P005,Apple MacBook Air M2 8GB/256GB,2025-09-01,Croma,98253.15
P005,Apple MacBook Air M2 8GB/256GB,2025-09-02,Amazon,101475.24
P005,Apple MacBook Air M2 8GB/256GB,2025-09-02,Flipkart,102730.48
P005,Apple MacBook Air M2 8GB/256GB,2025-09-02,Reliance Digital,101193.11
P005,Apple MacBook Air M2 8GB/256GB,2025-09-02,Croma,98082.86
P005,Apple MacBook Air M2 8GB/256GB,2025-09-03,Amazon,97720.77
P005,Apple MacBook Air M2 8GB/256GB,2025-09-03,Flipkart,98591.46
P005,Apple MacBook Air M2 8GB/256GB,2025-09-03,Reliance Digital,101326.35
P005,Apple MacBook Air M2 8GB/256GB,2025-09-03,Croma,100148.23
P005,Apple MacBook Air M2 8GB/256GB,2025-09-04,Amazon,101660.87
P005,Apple MacBook Air M2 8GB/256GB,2025-09-04,Flipkart,101482.35
P005,Apple MacBook Air M2 8GB/256GB,2025-09-04,Reliance Digital,99745.53
P005,Apple MacBook Air M2 8GB/256GB,2025-09-04,Croma,100898.56
P005,Apple MacBook Air M2 8GB/256GB,2025-09-05,Amazon,99695.81
P005,Apple MacBook Air M2 8GB/256GB,2025-09-05,Flipkart,96811.78
P005,Apple MacBook Air M2 8GB/256GB,2025-09-05,Reliance Digital,99747.5
P005,Apple MacBook Air M2 8GB/256GB,2025-09-05,Croma,100930.31
P005,Apple MacBook Air M2 8GB/256GB,2025-09-06,Amazon,100252.96
P005,Apple MacBook Air M2 8GB/256GB,2025-09-06,Flipkart,98145.34
P005,Apple MacBook Air M2 8GB/256GB,2025-09-06,Reliance Digital,98217.97
P005,Apple MacBook Air M2 8GB/256GB,2025-09-06,Croma,99303.46
P005,Apple MacBook Air M2 8GB/256GB,2025-09-07,Amazon,100880.57
P005,Apple MacBook Air M2 8GB/256GB,2025-09-07,Flipkart,98794.36
P005,Apple MacBook Air M2 8GB/256GB,2025-09-07,Reliance Digital,99344.4
P005,Apple MacBook Air M2 8GB/256GB,2025-09-07,Croma,101561.79
P005,Apple MacBook Air M2 8GB/256GB,2025-09-08,Amazon,102396.44
P005,Apple MacBook Air M2 8GB/256GB,2025-09-08,Flipkart,99228.41
P005,Apple MacBook Air M2 8GB/256GB,2025-09-08,Reliance Digital,102648.16
P005,Apple MacBook Air M2 8GB/256GB,2025-09-08,Croma,100253.56
P005,Apple MacBook Air M2 8GB/256GB,2025-09-09,Amazon,102351.81
P005,Apple MacBook Air M2 8GB/256GB,2025-09-09,Flipkart,100388.85
P005,Apple MacBook Air M2 8GB/256GB,2025-09-09,Reliance Digital,97927.18
P005,Apple MacBook Air M2 8GB/256GB,2025-09-09,Croma,99239.48
P005,Apple MacBook Air M2 8GB/256GB,2025-09-10,Amazon,102234.12
P005,Apple MacBook Air M2 8GB/256GB,2025-09-10,Flipkart,97885.64
P005,Apple MacBook Air M2 8GB/256GB,2025-09-10,Reliance Digital,98187.73
P005,Apple MacBook Air M2 8GB/256GB,2025-09-10,Croma,102354.93
P005,Apple MacBook Air M2 8GB/256GB,2025-09-11,Amazon,97011.24
P005,Apple MacBook Air M2 8GB/256GB,2025-09-11,Flipkart,99246.14
P005,Apple MacBook Air M2 8GB/256GB,2025-09-11,Reliance Digital,98743.13
P005,Apple MacBook Air M2 8GB/256GB,2025-09-11,Croma,100808.78
P005,Apple MacBook Air M2 8GB/256GB,2025-09-12,Amazon,100802.99
P005,Apple MacBook Air M2 8GB/256GB,2025-09-12,Flipkart,101205.96
P005,Apple MacBook Air M2 8GB/256GB,2025-09-12,Reliance Digital,101044.47
P005,Apple MacBook Air M2 8GB/256GB,2025-09-12,Croma,99865.89
P005,Apple MacBook Air M2 8GB/256GB,2025-09-13,Amazon,99366.71
P005,Apple MacBook Air M2 8GB/256GB,2025-09-13,Flipkart,97235.66
P005,Apple MacBook Air M2 8GB/256GB,2025-09-13,Reliance Digital,102831.76
P005,Apple MacBook Air M2 8GB/256GB,2025-09-13,Croma,100526.28
P005,Apple MacBook Air M2 8GB/256GB,2025-09-14,Amazon,101159.83
P005,Apple MacBook Air M2 8GB/256GB,2025-09-14,Flipkart,99825.76
P005,Apple MacBook Air M2 8GB/256GB,2025-09-14,Reliance Digital,100795.82
P005,Apple MacBook Air M2 8GB/256GB,2025-09-14,Croma,99705.84
P005,Apple MacBook Air M2 8GB/256GB,2025-09-15,Amazon,100701.75
P005,Apple MacBook Air M2 8GB/256GB,2025-09-15,Flipkart,100540.45
P005,Apple MacBook Air M2 8GB/256GB,2025-09-15,Reliance Digital,99338.07
P005,Apple MacBook Air M2 8GB/256GB,2025-09-15,Croma,100848.37
P005,Apple MacBook Air M2 8GB/256GB,2025-09-16,Amazon,101607.62
P005,Apple MacBook Air M2 8GB/256GB,2025-09-16,Flipkart,100171.73
P005,Apple MacBook Air M2 8GB/256GB,2025-09-16,Reliance Digital,100724.62
P005,Apple MacBook Air M2 8GB/256GB,2025-09-16,Croma,97576.45
P005,Apple MacBook Air M2 8GB/256GB,2025-09-17,Amazon,101402.15
P005,Apple MacBook Air M2 8GB/256GB,2025-09-17,Flipkart,99090.7
P005,Apple MacBook Air M2 8GB/256GB,2025-09-17,Reliance Digital,99336.24
P005,Apple MacBook Air M2 8GB/256GB,2025-09-17,Croma,100556.41
P005,Apple MacBook Air M2 8GB/256GB,2025-09-18,Amazon,100584.46
P005,Apple MacBook Air M2 8GB/256GB,2025-09-18,Flipkart,102351.5
P005,Apple MacBook Air M2 8GB/256GB,2025-09-18,Reliance Digital,99448.43
P005,Apple MacBook Air M2 8GB/256GB,2025-09-18,Croma,98619.8
P005,Apple MacBook Air M2 8GB/256GB,2025-09-19,Amazon,98758.76
P005,Apple MacBook Air M2 8GB/256GB,2025-09-19,Flipkart,102893.92
P005,Apple MacBook Air M2 8GB/256GB,2025-09-19,Reliance Digital,101258.93
P005,Apple MacBook Air M2 8GB/256GB,2025-09-19,Croma,101722.81
